Old Ref ID;Ref ID;Record Last Updated (dd/mm/yyyy);Operator (or Applicant);Site Name;Technology Type;Storage Type;Storage Co-location REPD Ref ID;Installed Capacity (MWelec);Share Community Scheme;CHP Enabled;CfD Allocation Round;RO Banding (ROC/MWh);FiT Tariff (p/kWh);CfD Capacity (MW);Turbine Capacity (MW);No. of Turbines;Height of Turbines (m);Mounting Type for Solar;Development Status;Development Status (short);Are they re-applying (New REPD Ref);Are they re-applying (Old REPD Ref) ;Address;County;Region;Country;Post Code;X-coordinate;Y-coordinate;Planning Authority;Planning Application Reference;Appeal Reference;Secretary of State Reference;Type of Secretary of State Intervention;Judicial Review;Offshore Wind Round;Planning Application Submitted;Planning Application Withdrawn;Planning Permission Refused;Appeal Lodged;Appeal Withdrawn;Appeal Refused;Appeal Granted;Planning Permission Granted;Secretary of State - Intervened;Secretary of State - Refusal;Secretary of State - Granted;Planning Permission Expired;Under Construction;Operational;Heat Network Ref;Solar Site Area (sqm)
;14491;10.04.2024;TotalEnergies;Culzean Floating Wind Pilot;Wind Offshore;;;3,00;;;;;;;3,00;1;134,00;;Planning Application Submitted;Application Submitted;;;INTOG 12, North East Coast off Scotland;Offshore;Offshore;Scotland;;634310;817848;Marine Scotland;;;;;;;22.02.2024;;;;;;;;;;;;;;;
B0258;2528;08.11.2018;Catapult;Levenmouth demonstration turbine (Fife Energy Park);Wind Offshore;;;7,00;;;;;;;6,00;1;;;Operational;Operational;;;Fife Energy Park (Test Site) off the coast of Methil in Fife;Offshore;Offshore;Scotland;;340600;696860;Scottish Government (S36);;;;;;03.01.1900;02.12.2009;;;;;;;18.11.2011;;;;;08.10.2013;31.03.2014;;
EN00028;2485;31.05.2017;Talisman Energy;Beatrice Demonstrator;Wind Offshore;;;10,00;;;;;;;5,00;2;;;Operational;Operational;;;Beatrice Offshore Platform;Offshore;Offshore;Scotland;;347955;929690;Scottish Government (S36);;;;;;;23.01.2006;;;;;;;15.06.2006;;;;;01.09.2006;17.07.2007;;
;6264;06.12.2019;Hexicon AB/ Dounreay Tri;Dounreay Trì Floating Wind Demonstration;Wind Offshore;;;10,00;;;;;;;5,00;2;201,00;;Under Construction;Under Construction;;;Development Site 9KM NW Of, Dounreay, Nuclear Research Establishment, Thurso;Offshore;Offshore;Scotland;KW14 7TY;291337;980477;Marine Scotland;16/04775/S36;;;;;;17.10.2016;;;;;;;16.03.2017;;;;;31.03.2017;;;
A0438;2488;20.11.2017;Orsted (formerly Dong Energy);Gunfleet Sands - (Demo) Extension;Wind Offshore;;;12,00;;;;;;;6,00;2;;;Operational;Operational;;;off the Essex coast;Offshore;Offshore;England;;620650;205297;DECC (S36);;;;;;Demo;;;;;;;;17.04.2012;;;;;15.05.2012;19.04.2013;;
;14484;02.08.2023;Cierco;Forthwind;Wind Offshore;;;20,00;;;;;;12,00;20,00;1;280,00;;Planning Permission Granted;Awaiting Construction;;5863;Forth of Firth;Offshore;Offshore;Scotland;;338141;696278;Marine Scotland;MS-00009834;;;;;;29.04.2022;;;;;;;15.03.2023;;;;31.10.2049;;;;
B0997;2479;04.07.2018;Statoil;Hywind Scotland Pilot Park (Hywind 2) Demonstrator;Wind Offshore;;;30,00;;;;;;;6,00;5;;;Operational;Operational;;;Buchan Deeps, 20km off Peterhead;Offshore;Offshore;Scotland;;433500;846500;Marine Scotland;;;;;;Demo;27.03.2015;;;;;;;30.10.2015;;;;;27.04.2017;27.10.2017;;
;6810;13.12.2021;Hexicon;TwinHub (previously called Wave Hub Floating Wind);Wind Offshore;;;32,00;;No;AR4;;;32,00;;4;220,00;;Planning Permission Granted;Awaiting Construction;;;Wave Hub 16km North Of, St Ives Head, Hayle;Offshore;Offshore;England;TR27 4DD;155246;38189;The Planning Inspectorate - National Infrastructure;PA18/10363;;;;;;31.10.2018;;;;;;;12.01.2022;;;;;;;;
A0439;2523;04.07.2018;EDF Energy Renewables;Blyth Offshore Wind Test Site;Wind Offshore;;;41,50;;;;;;;8,30;5;;;Operational;Operational;;;between 1.8km and 13.8km off the east coast of Blyth in Northumberland;Offshore;Offshore;England;;440591;586033;Marine Scotland;;;;;;Demo;01.03.2012;;;;;;;08.11.2013;;;;;22.10.2016;22.10.2017;;
A0371;2504;28.06.2016;Vattenfall;Kentish Flats 2;Wind Offshore;;;49,50;;;;;;;3,30;15;;;Operational;Operational;;;Kentish Flats Offshore extension;Offshore;Offshore;England;;614105;176834;The Planning Inspectorate - National Infrastructure;EN010036;;;;;02.01.1900;01.06.2012;;;;;;;19.02.2013;;;;;26.11.2014;14.09.2015;;
;6136;02.03.2022;Grupo Cobra;Kincardine Offshore Windfarm;Wind Offshore;;;49,50;;;;;;;9,50;6;176,00;;Operational;Operational;;;Kincardine Offshore Windfarm, Laurencekirk, Grampian;Offshore;Offshore;Scotland;;407766;789575;Marine Scotland;APP/2016/1726;;;;;Demo;16.06.2016;;;;;;;07.03.2017;;;;;01.10.2018;19.10.2021;;
;11106;28.04.2022;EDF Energy Renewables;Blyth Offshore Wind Farm Phase 2 Demonstrator Project;Wind Offshore;;;58,40;;;;;;;;5;;;Planning Permission Granted;Awaiting Construction;;;Blyth & Newbiggin-by-the-sea, Blyth;Offshore;Offshore;England;;440591;586033;Marine Scotland;;;;;;;01.03.2012;;;;;;;09.09.2022;;;;;;;;
N00436W;2494;23.08.2017;Greencoat (formerly Npower Renewables);North Hoyle ;Wind Offshore;;;60,00;;;;;;;2,00;30;;;Operational;Operational;;;7.5km Prestatyn & Rhyl ;Offshore;Offshore;Wales;;303823;392138;DECC (S36);;;;;;01.01.1900;05.04.2001;;;;;;;31.07.2002;;;;;03.04.2003;01.12.2003;;
N00438W;2498;29.02.2016;E.ON UK;Scroby Sands ;Wind Offshore;;;60,00;;;;;;;2,00;30;;;Operational;Operational;;;3km NE Great Yarmouth, Norfolk;Offshore;Offshore;England;;656417;311874;DECC (S36);;;;;;01.01.1900;05.03.2001;;;;;;;01.12.2002;;;;;01.10.2003;01.03.2004;;
N00460W;2514;18.05.2015;EDF Energy - Northern Offshore Windfarm Ltd;Teeside Offshore Wind Farm;Wind Offshore;;;62,00;;;;;;;2,30;27;;;Operational;Operational;;;Coast of Coatham Sands at Redcar, the nearest within a mile of the beach;Offshore;Offshore;England;;458470;528174;DECC (S36);R/2004/0305/FF;;;;;01.01.1900;22.03.2005;;;;;;;17.09.2007;;;;;01.02.2012;31.08.2013;;
N00457W;2489;20.11.2017;Orsted (formerly Dong Energy);Gunfleet Sands II ;Wind Offshore;;;64,80;;;;;;;3,60;18;;;Operational;Operational;;;5 Miles from the Essex coast at Frinton-on-Sea;Offshore;Offshore;England;;624262;208150;DECC (S36);;;;;;02.01.1900;18.06.2007;;;;;;;28.02.2008;;;;;01.04.2009;24.07.2009;;
N00561W;2496;18.08.2017;E.ON UK;Robin Rigg East;Wind Offshore;;;84,00;;;;;;;3,00;28;;;Operational;Operational;;;9.5km Maryport/8.5km off Rock Cliffe ;Offshore;Offshore;Scotland;;291005;542348;Scottish Government (S36);;;;;;01.01.1900;14.06.2002;;;;;;;16.06.2003;;;;;01.12.2006;28.04.2010;;
N00445W;2487;27.02.2018;Orsted (formerly Dong Energy);Burbo Bank;Wind Offshore;;;90,00;;;;;;;3,60;25;;;Operational;Operational;;;Burbo Flats, Liverpool Bay, approximately 6.4km (4.0 miles) from the Sefton coastline and 7.2km (4.5 miles) from North Wirral.;Offshore;Offshore;England;;321476;399706;DECC (S36);;;;;;01.01.1900;12.04.2002;;;;;;;14.07.2006;;;;;01.08.2006;18.10.2007;;
N00439W;2492;27.10.2017;Vattenfall;Kentish Flats ;Wind Offshore;;;90,00;;;;;;;3,00;30;;;Operational;Operational;;;Saltend, Thames Estuary, North Sea;Offshore;Offshore;England;;615015;178055;DECC (S36);;;;;;01.01.1900;15.08.2002;;;;;;;01.03.2003;;;;;01.06.2004;10.09.2005;;
N00434W;2495;23.08.2017;RWE Npower;Rhyl Flats ;Wind Offshore;;;90,00;;;;;;;3,60;25;;;Operational;Operational;;;8km Abergele, five miles off the North Wales coast in Liverpool Bay;Offshore;Offshore;Wales;;290990;388002;DECC (S36);;;;;;01.01.1900;25.03.2002;;;;;;;01.01.2003;;;;;01.09.2007;28.12.2009;;
N00462W;2497;18.08.2017;E.ON UK;Robin Rigg West;Wind Offshore;;;90,00;;;;;;;3,00;30;;;Operational;Operational;;;9.5km Maryport/8.5km off Rock Cliffe ;Offshore;Offshore;Scotland;;288785;540522;Scottish Government (S36);;;;;;01.01.1900;14.06.2002;;;;;;;16.06.2003;;;;;01.12.2006;18.07.2009;;
N00461W;2546;20.11.2017;Orsted (formerly Dong Energy);Barrow ;Wind Offshore;;;90,00;;;;;;;3,00;30;;;Operational;Operational;;;7km Walney Island, near Barrow-in-Furness;Offshore;Offshore;England;;314978;455827;DECC (S36);;;;;;01.01.1900;10.05.2002;;;;;;;12.03.2003;;;;;01.05.2005;01.04.2006;;
A0440;2505;30.04.2019;Vattenfall;European Offshore Wind Deployment Centre (EOWDC) (Aberdeen Bay - Demonstration site);Wind Offshore;;;96,80;;;;;;;8,80;11;;;Operational;Operational;;;;Offshore;Offshore;Scotland;;395693;806148;Scottish Government (S36);;;;;;Demo;31.08.2011;;;;;;;26.03.2013;;;;;07.04.2018;07.09.2018;;
N00562W;2491;24.08.2017;XceCo;Inner Dowsing ;Wind Offshore;;;97,20;;;;;;;3,60;27;;;Operational;Operational;;;5.2km Ingoldmells ;Offshore;Offshore;England;;563561;368447;DECC (S36);;;;;;01.01.1900;11.09.2002;;;;;;;23.09.2003;;;;;01.03.2008;20.04.2008;;
N00437W;2493;24.08.2017;XceCo;Lynn;Wind Offshore;;;97,20;;;;;;;3,60;27;;;Operational;Operational;;;5.2km Skegness ;Offshore;Offshore;England;;564095;362638;DECC (S36);;;;;;01.01.1900;29.10.2003;;;;;;;14.08.2004;;;;;01.03.2008;15.03.2008;;
;7861;17.02.2023;Simply Blue Energy;Erebus - Floating Offshore Wind Demonstration Project;Wind Offshore;;;100,00;;;;;;;;10;150,00;;Planning Permission Granted;Awaiting Construction;;;Approximately 45 km off the south west coast of ;Offshore;Offshore;Wales;;196768;194102;Welsh Government (NSIP);DNS/3251528;;;;;;22.12.2021;;;;;;;17.02.2023;;;;;;;;
;11035;11.07.2024;Orsted / Simply Blue Group;Peterhead - The Salamander Project;Wind Offshore;;;100,00;;No;;;;;14,00;7;172,50;;Planning Application Submitted;Application Submitted;;;INTOG 3, North East Coast off Scotland;Offshore;Offshore;Scotland;AB42;479551;858320;Marine Scotland;;;;;;;24.04.2024;;;;;;;;;;;;;;;
;11852;12.04.2024;Flotation Energy / Cobra Instalaciones Servicios;Whitecross - Offshore Wind Farm;Wind Offshore;;;100,00;;No;;;;;12,50;8;284,00;;Planning Application Submitted;Application Submitted;;;52km off the North Cornwall and North Devon coast;Offshore;Offshore;England;EX39 4LF;248194;132186;Marine Scotland;MLA/2023/00113;;;;;;14.03.2023;;;;;;;;;;;;;;;
;11989;02.08.2023;Highland Wind Limited / Copenhagen Infrastructure Partners / Eurus Energy;Pentland Floating Offshore Wind Farm;Wind Offshore;;;100,00;;No;;;;;14,00;7;300,00;;Planning Permission Granted;Awaiting Construction;;;12 nautical miles 6.5 kilometres off the coast of Dounreay;Offshore;Offshore;Scotland;KW14;311532;968614;Marine Scotland;NA;;;;;;09.08.2022;;;;;;;28.06.2023;;;;;;;;
01041W4;2490;01.05.2018;Orsted (formerly Dong Energy);Gunfleet Sands Offshore Wind Scheme;Wind Offshore;;;108,00;;;;;;;3,60;30;;;Operational;Operational;;;Gunfleet Sands 4 miles offshore from Holland-on-Sea Nr Clacton-on-Sea Essex;Offshore;Offshore;England;;622317;208468;DECC (S36);;;;;;01.01.1900;01.03.2002;;;;;;;01.03.2004;;;;;01.04.2009;24.07.2009;;
N00435W;2509;23.08.2017;Vattenfall;Ormonde Offshore;Wind Offshore;;;150,00;;;;;;;5,00;30;;;Operational;Operational;;;10km off Barrow on Furness, Heysham;Offshore;Offshore;England;;306000;466842;DECC (S36);;;;;;01.01.1900;12.07.2005;;;;;;;04.09.2008;;;;;01.06.2010;22.02.2012;;
N00550W;2500;03.09.2020;Orsted (formerly Dong Energy);Walney 1;Wind Offshore;;;183,60;;;;;;;3,60;51;;;Operational;Operational;;;14km off Walney Island, Irish Sea;Offshore;Offshore;England;;300833;461449;DECC (S36);;;;;;02.01.1900;31.03.2006;;;;;;;07.11.2007;;;;;10.03.2010;30.05.2011;;
AA183;2506;03.09.2020;Orsted (formerly Dong Energy);Walney 2;Wind Offshore;;;183,60;;;;;;;3,60;51;;;Operational;Operational;;;14km off Walney Island, Irish Sea;Offshore;Offshore;England;;294836;466177;DECC (S36);;;;;;02.01.1900;31.03.2006;;;;;;;07.11.2007;;;;;09.04.2011;06.04.2012;;
N00556W;2545;05.04.2018;Orsted (formerly Dong Energy);Westermost Rough A;Wind Offshore;;;210,00;;;;;;;6,00;35;;;Operational;Operational;;;25 km north of Spurn Head at the River Humber estuary.;Offshore;Offshore;England;;571600;358680;DECC (S36);;;;;;02.01.1900;17.11.2009;;;;;;;29.11.2011;;;;;28.02.2014;26.05.2015;;
N00448W;2544;03.10.2016;E.ON Humber Wind Ltd/ Balfour Beatty Investments and Equitix.;Humber Gateway A;Wind Offshore;;;219,00;;;;;;;3,00;73;;;Operational;Operational;;;8km from Yorkshire Coast;Offshore;Offshore;England;;566400;390760;DECC (S36);;;;;;02.01.1900;01.04.2008;;;;;;;09.02.2011;;;;;30.08.2013;30.05.2015;;
AA066;2539;02.05.2018;Orsted (formerly Dong Energy);Burbo Bank Extension (Burbo Bank 2);Wind Offshore;;;258,00;;;Investment Contract;;;258,00;8,00;32;;;Operational;Operational;;;Burbo Flats, Liverpool Bay, approximately 6.4km (4.0 miles) from the Sefton coastline and 7.2km (4.5 miles) from North Wirral.;Offshore;Offshore;England;;315815;398892;The Planning Inspectorate - National Infrastructure;EN010026;;;;;02.01.1900;22.03.2013;;;;;;;10.12.2014;;;;;10.06.2016;27.04.2017;;
N00455W;2513;01.05.2018;Ørsted;Centrica (Lincs);Wind Offshore;;;270,00;;;;;;;3,60;75;;;Operational;Operational;;;8 Km of Skegness;Offshore;Offshore;England;;567020;368144;DECC (S36);;;;;;02.01.1900;24.01.2007;;;;;;;21.10.2008;;;;;01.03.2010;24.07.2013;;
;6501;20.08.2020;Orsted (formerly Dong Energy)/ Macquarie Group;Race Bank (Phase 2);Wind Offshore;;;283,50;;;;;;;6,30;45;154,00;;Operational;Operational;;;"Race Bank, Greater Wash";Offshore;Offshore;England;;573300;363000;DECC (S36);;;;;;;23.01.2009;;;;;;;;;;;;07.07.2016;01.02.2018;;
N00463W;2515;20.08.2020;Orsted (formerly Dong Energy)/ Macquarie Group;Race Bank (Phase 1);Wind Offshore;;;289,80;;;;;;;6,30;46;154,00;;Operational;Operational;;;"Race Bank
Greater Wash";Offshore;Offshore;England;;573300;363000;DECC (S36);;;;;;02.01.1900;23.01.2009;;;;;;;06.07.2012;;;;;07.07.2016;08.06.2017;;
N00452W;2499;01.05.2018;Vattenfall;Thanet ;Wind Offshore;;;300,00;;;;;;;3,00;100;;;Operational;Operational;;;11km off North Foreland Kent;Offshore;Offshore;England;;652658;176367;DECC (S36);;;;;;02.01.1900;08.11.2005;;;;;;;18.12.2006;;;;;01.11.2009;16.09.2010;;
;9803;11.04.2024;RWE Renewables;Five Estuaries - Wind Farm;Wind Offshore;;;300,00;;No;;;;;3,80;79;320,00;;Planning Application Submitted;Application Submitted;;;Five Estuaries Offshore Wind Farm ;Offshore;Offshore;England;IP11;630357;234771;The Planning Inspectorate - National Infrastructure;EN010115;;;;;;25.03.2024;;;;;;;;;;;;;;;
N00453W;2512;05.11.2019;Equinor;Sheringham Shoal ;Wind Offshore;;;317,00;;;;;;;3,60;88;;;Operational;Operational;;;between 17 and 22 kilometres off the Norfolk coast, north of the seaside town of Sheringham.;Offshore;Offshore;England;;610671;364425;DECC (S36);;;;;;02.01.1900;30.05.2006;;;;;;;07.08.2008;;;;;30.06.2009;29.10.2012;;
;7691;11.01.2024;Equinor;Sheringham Extension Project;Wind Offshore;;;317,00;;;;;;;;27;326,00;;Planning Permission Granted;Awaiting Construction;;;Offshore, to the north and east of Sheringham Shoal OFW.;Offshore;Offshore;England;;613032;366092;The Planning Inspectorate - National Infrastructure;EN010109;;;;;;05.09.2022;;;;;;;18.04.2024;;;;;;;;
A0370;2526;02.10.2019;RWE Npower Renewables;Galloper Wind Farm;Wind Offshore;;;353,00;;;;;;;6,30;56;;;Operational;Operational;;;30 km from Suffolk coastline, South East Of Sizewell And Aldeburgh;Offshore;Offshore;England;;678139;227875;The Planning Inspectorate - National Infrastructure;EN010003;;;;;02.01.1900;21.11.2011;;;;;;;24.05.2013;;;;;29.07.2016;30.03.2018;;
N00449W;2519;20.08.2020;Scottish Power Renewables & Orsted (formerly Dong Energy);West of Duddon Sands;Wind Offshore;;;389,00;;;;;;;3,60;108;;;Operational;Operational;;;Off Duddon Sands, Cumbria. East Irish Sea;Offshore;Offshore;England;;304230;455334;DECC (S36);;;;;;02.01.1900;01.04.2006;;;;;;;04.09.2008;;;;;21.05.2013;30.10.2014;;
A0251;2520;06.12.2019; E.ON UK;Rampion Offshore Wind Farm (Hastings Zone);Wind Offshore;;;400,00;;;;;;;3,45;116;140,00;;Operational;Operational;;;off the Sussex coastline;Offshore;Offshore;England;;528790;83836;The Planning Inspectorate - National Infrastructure;EN010032;;;;;03.01.1900;25.03.2013;;;;;;;16.07.2014;;;;;25.01.2016;26.11.2017;;
N00558W;2538;02.01.2020;Statoil / Statkraft;Dudgeon East ;Wind Offshore;;;402,00;;;Investment Contract;;;402,00;6,00;67;;;Operational;Operational;;;Greater wash;Offshore;Offshore;England;;575000;361000;DECC (S36);;;;;;02.01.1900;12.06.2009;;;;;;;06.07.2012;;;;;17.03.2016;15.10.2017;;
;7692;11.01.2024;Equinor;Dudgeon Extension Project;Wind Offshore;;;402,00;;;;;;;;34;326,00;;Planning Permission Granted;Awaiting Construction;;;Offshore, north and southeast of Dudgeon OFW;Offshore;Offshore;England;;613032;366092;The Planning Inspectorate - National Infrastructure;EN010109;;;;;;05.09.2022;;;;;;;18.04.2024;;;;;;;;
A0277;2522;07.06.2023;EDF Renewables Power;Neart na Gaoithe;Wind Offshore;;;450,00;;;AR1;;;448,00;8,00;54;208,00;;Under Construction;Under Construction;;;Offshore Scottish borders (15KM off Forth Estuary, Kirkcaldy, Fife, ;Offshore;Offshore;Scotland;;384615;708641;Marine Scotland;;;;;19.07.2016;STW;30.07.2012;;;;;;;16.05.2017;;;;;01.01.2020;;;
N00443W;2510;02.10.2019;Airtricity / Fluor Ltd;Greater Gabbard Wind Farm;Wind Offshore;;;504,00;;;;;;;3,60;140;;;Operational;Operational;;;Near the Suffolk Coast (26km out to sea);Offshore;Offshore;England;;670237;231640;DECC (S36);;;;;;02.01.1900;17.10.2005;;;;;;;20.02.2007;;;;;01.07.2009;07.09.2012;;
;14144;03.07.2023;SSE / Seagreen Wind Energy Ltd;Seagreen Phase 1A;Wind Offshore;;;540,00;;No;;;;;15,00;36;;;Planning Permission Granted;Awaiting Construction;;;Firth of Forth Wind Zone 2, Dundee, Tayside;Offshore;Offshore;Scotland;DD4 0AD;404600;749300;Marine Scotland;;;;;19.07.2016;03.01.1900;23.10.2012;;;;;;;04.06.2013;;;;;;;;
;11851;28.05.2024;Flotation Energy / Vårgrønn;Green Volt - Offshore Wind Farm;Wind Offshore;;;560,00;;No;;;;;16,00;35;270,00;;Planning Permission Granted;Awaiting Construction;;;INTOG 6, North East Coast off Scotland;Offshore;Offshore;Scotland;AB42;399571;807062;Marine Scotland;;;;;;;20.01.2023;;;;;;;19.04.2024;;;;;;;;
N00441W;2543;19.08.2020;RWE;Gwynt y Mor ;Wind Offshore;;;576,00;;;;;;;3,60;160;;;Operational;Operational;;;Liverpool Bay (13-15km offshore) ;Offshore;Offshore;Wales;;292082;396482;DECC (S36);;;;;;02.01.1900;01.11.2005;;;;;;;03.12.2008;;;;;01.03.2012;18.06.2015;;
;7699;20.09.2023;RWE Renewables;Awel y Mor Offshore Wind Farm;Wind Offshore;;;576,00;;No;;;;;;;332,00;;Planning Permission Granted;Awaiting Construction;;;10.5 km off the coast of North Wales, To the west of, and immediately adjacent to, the Gwynt y Môr Offshore Wind Farm.;Offshore;Offshore;Wales;;280451;398028;The Planning Inspectorate - National Infrastructure;EN010112 ;;;;;;20.04.2022;;;;;;;20.09.2023;;;;20.09.2030;;;;
A0275;2521;31.05.2019;Scottish & Southern Energy (SSE) / Repsol / CIP;Beatrice;Wind Offshore;;;588,00;;;AR1 ;;;664,00;7,00;84;;;Operational;Operational;;;Offshore Scottish borders;Offshore;Offshore;Scotland;;344074;911416;Scottish Government (S36);;;;;;STW;25.04.2012;;;;;;;19.03.2014;;;;;02.04.2017;05.08.2019;;
N00447W;2511;06.11.2018;Siemens Gamesa Renewable Energy;London Array Phase 1;Wind Offshore;;;630,00;;;;;;;3,60;175;;;Operational;Operational;;;12 miles (20km) off the Kent and Essex coasts;Offshore;Offshore;England;;642078;197218;DECC (S36);;;;;;02.01.1900;01.06.2005;;15.12.2006;;;;05.09.2007;05.09.2007;;;;;01.03.2011;06.04.2013;;
A0374;2533;04.06.2020;Orsted (formerly Dong Energy);Walney 3;Wind Offshore;;;659,00;;;Investment Contract;;;660,00;6,00;110;222,00;;Operational;Operational;;;14km off Walney Island, Irish Sea;Offshore;Offshore;England;;286289;467410;DECC (S36);;;;;;02.01.1900;30.07.2013;;;;;;;07.11.2014;;;;07.11.2019;01.04.2017;13.09.2018;;
B0262;2524;20.08.2020;Scottish Power Renewables;East Anglia 1 (EA 1);Wind Offshore;;;714,00;;;AR1;;;714,00;7,00;102;;;Operational;Operational;;;Offshore, East of England;Offshore;Offshore;England;NR32;685500;257000;The Planning Inspectorate - National Infrastructure;ENO10025;;;;;03.01.1900;21.11.2012;;;;;;;17.06.2014;;;;;24.05.2018;28.07.2020;;
B0586;2471;01.04.2022;Scottish Power Renewables;East Anglia 1 North (EA 4);Wind Offshore;;;800,00;;;;;;;11,90;67;282,00;;Planning Permission Granted;Awaiting Construction;;;36km offshore from Lowestoft;Offshore;Offshore;England;NR32;685500;257000;The Planning Inspectorate - National Infrastructure;EN010077;;;;;03.01.1900;15.10.2019;;;;;;;31.03.2022;;;;31.03.2029;;;;
N00551W;2532;02.03.2022;Innogy;Triton Knoll ;Wind Offshore;;;857,00;;;AR2;;;0,00;9,50;90;187,00;;Operational;Operational;;;Greater Wash region, approximately 33km off the Lincolnshire coast;Offshore;Offshore;England;;591183;372179;The Planning Inspectorate - National Infrastructure;;;;;;02.01.1900;24.02.2012;;;;;;;11.07.2013;;;;;10.09.2018;13.01.2022;;
;6158;27.10.2022;EDPR;Moray West Offshore Wind Farm Project;Wind Offshore;;;882,00;;No;AR4;;;294,00;14,70;60;230,00;;Under Construction;Under Construction;;;Smith Bank, Moray Firth - 22.5 km off Lybster;Offshore;Offshore;Scotland;KW2;322637;909733;Marine Scotland;;;;;;;05.07.2018;;;;;;;14.06.2019;;;;13.06.2044;01.05.2022;;;
;5867;01.04.2022;Scottish Power Renewables;East Anglia 2 (EA 2);Wind Offshore;;;900,00;;;;;;;12,00;75;282,00;;Planning Permission Granted;Awaiting Construction;;;37km offshore from Lowestoft;Offshore;Offshore;England;NR32;681603;321858;The Planning Inspectorate - National Infrastructure;EN010078;;;;;;15.10.2019;;;;;;;31.03.2022;;;;31.03.2029;;;;
A0246;2534;12.04.2023;Diamond Green Limited, CTG & Ocean Winds;Moray East;Wind Offshore;;;950,00;;;AR2;;;950,00;9,50;100;204,00;;Operational;Operational;;;Smith Bank, Moray Firth - 13miles off Lybster;Offshore;Offshore;Scotland;;353328;897834;Scottish Government (S36);;;;;;03.01.1900;28.08.2012;;;;;;;19.03.2014;;;;;06.06.2019;01.04.2022;;
B0267;2540;18.10.2023;SSE / Seagreen Wind Energy Ltd;Seagreen;Wind Offshore;;;1075,00;;No;AR3;;;454,00;9,20;114;;;Operational;Operational;;;Firth of Forth Wind Zone 2, Dundee, Tayside;Offshore;Offshore;Scotland;DD4 0AD;404600;749300;Marine Scotland;;;;;19.07.2016;03.01.1900;23.10.2012;;;;;;;16.05.2017;;;;;01.05.2021;16.10.2023;;
A0017;2527;02.07.2020;Red Rock Power (ICOL);Inch Cape;Wind Offshore;;;1080,00;;;AR4;;;1080,00;15,00;72;291,00;;Planning Permission Granted;Awaiting Construction;;;Offshore - Scottish Borders (15-22 KM off the east Angus coastline);Offshore;Offshore;Scotland;;387786;734231;Marine Scotland;;;;;;STW;04.07.2013;;;;;;;16.05.2017;;;;;;;;
A0476;2517;12.04.2022;SSE/Equinor (formerly Statoil, formerly Forewind);Dogger Bank C (was Teesside A);Wind Offshore;;;1200,00;;No;AR3;;;1200,00;6,00;200;;;Under Construction;Under Construction;;;125km off coast of Yorkshire;Offshore;Offshore;England;;675550;599192;The Planning Inspectorate - National Infrastructure;EN010051;;;;;03.01.1900;28.03.2014;;;;;;;05.08.2015;;;;;01.03.2022;;;
B0263;2525;03.09.2020;Orsted (formerly Dong Energy);Hornsea 1 - Heron & Njord;Wind Offshore;;;1218,00;;;AR3;;;1200,00;7,00;174;;;Operational;Operational;;;;Offshore;Offshore;England;;626000;426000;The Planning Inspectorate - National Infrastructure;EN010033;;;;;03.01.1900;30.07.2013;;;;;;;10.12.2014;;;;;26.01.2018;01.12.2019;;
A0249;2502;01.09.2022;Orsted (formerly Dong Energy);Hornsea 2 - Optimus and Breesea;Wind Offshore;;;1320,00;;;AR2;;;1386,00;8,00;165;;;Operational;Operational;;;The Wash, Sutton Bridge;Offshore;Offshore;England;;632326;457349;The Planning Inspectorate - National Infrastructure;EN010053;;;;;03.01.1900;30.01.2015;;;;;;;16.08.2016;;;;;01.09.2019;31.08.2022;;
B0585;2470;15.09.2022;Scottish Power Renewables;East Anglia 3 (EA 3);Wind Offshore;;;1400,00;;;AR4;;;1372,34;14,00;100;282,00;;Under Construction;Under Construction;;;East Anglia Offshore Wind Three, Underground Cabling Between Bramford And Bawdsey, Lowestoft;Offshore;Offshore;England;NR32;685500;257000;The Planning Inspectorate - National Infrastructure;EN010056;;;;;03.01.1900;18.11.2015;;;;;;;07.08.2017;;;;;01.08.2022;;;
;6483;22.12.2022;RWE Renewables UK Limited;The East Anglia Array - Norfolk Boreas;Wind Offshore;;;1400,00;;;AR4;;;1396,00;;;;;Planning Permission Granted;Awaiting Construction;;;North Sea, off the East Anglia coast;Offshore;Offshore;England;;708047;312194;The Planning Inspectorate - National Infrastructure;EN010087;;;;;;11.06.2019;;;;;;;10.12.2021;;;;10.12.2026;;;;
;6556;13.09.2022;RWE Renewables UK Limited;Sofia (Teesside B);Wind Offshore;;;1400,00;;;AR3;;;14,00;;100;252,00;;Under Construction;Under Construction;;;125km off coast of Yorkshire;Offshore;Offshore;England;;675550;599192;The Planning Inspectorate - National Infrastructure;EN010051;;;;;;28.03.2014;;;;;;;05.08.2015;;;;;01.03.2022;;;
;10918;11.04.2024;BP Oil UK Limited / ENBW UK Limited;Mona Offshore Wind Farm;Wind Offshore;;;1500,00;;No;;;;;15,60;96;324,00;;Planning Application Submitted;Application Submitted;;;30km offshore in the Irish Sea;Offshore;Offshore;England;FY5;278986;416968;The Planning Inspectorate - National Infrastructure;EN010137;;;;;;22.02.2024;;;;;;;;;;;;;;;
;11663;11.04.2024;Green Investment Group / Total Energies;Outer Dowsing Offshore Wind Farm;Wind Offshore;;;1500,00;;No;;;;;15,00;100;403,00;;Planning Application Submitted;Application Submitted;;;Outer Dowsing Offshore Wind Farm, Lincoln;Offshore;Offshore;England;LN1;641340;395479;The Planning Inspectorate - National Infrastructure;EN010130;;;;;;19.03.2024;;;;;;;;;;;;;;;
;10772;15.12.2023;Total Energies / RIDG;West of Orkney Wind Farm;Wind Offshore;;;2000,00;;No;;;;;16,00;125;359,90;;Planning Application Submitted;Application Submitted;;;30km W/O Orkney, Orkney;Offshore;Offshore;Scotland;N1;289696;998864;Marine Scotland;;;;;;;18.09.2023;;;;;;;;;;;;;;;
B0850;2472;18.03.2022;Orsted (formerly Dong Energy);Hornsea 3;Wind Offshore;;;2400,00;;No;AR4;;;2852,00;10,00;231;;;Planning Permission Granted;Awaiting Construction;;;120km Offshore from Cromer;Offshore;Offshore;England;;626000;426000;The Planning Inspectorate - National Infrastructure;EN010080;;;;;03.01.1900;14.05.2018;;;;;;;30.12.2020;;;;13.12.2027;;;;
A0248;2541;12.04.2022;SSE/Equinor (formerly Statoil, formerly Forewind);Dogger Bank A & B (was Creyke Beck A & B);Wind Offshore;;;2400,00;;;AR3;;;2400,00;6,00;400;315,00;;Under Construction;Under Construction;;;125km off coast of Yorkshire;Offshore;Offshore;England;;629000;681000;The Planning Inspectorate - National Infrastructure;EN010021;;;;;03.01.1900;29.08.2013;;;;;;;17.02.2015;;;;;01.07.2021;;;
C1830;2473;19.07.2023;Orsted (formerly Dong Energy);Hornsea 4;Wind Offshore;;;2600,00;;;;;;;14,40;180;;;Planning Permission Granted;Awaiting Construction;;;69km offshore from Flamborough;Offshore;Offshore;England;;626000;426000;The Planning Inspectorate - National Infrastructure;EN010098;;;;;03.01.1900;29.09.2021;;;;;;;12.07.2023;;;;12.07.2030;;;;
A0250;2484;22.12.2022;RWE Renewables UK Limited;The East Anglia Array - Norfolk Vanguard;Wind Offshore;;;2800,00;;No;;;;;;145;350,00;;Planning Permission Granted;Awaiting Construction;;;North Sea, off the East Anglia coast;Offshore;Offshore;England;;708047;312194;The Planning Inspectorate - National Infrastructure;EN010079;;;;;03.01.1900;11.07.2018;;18.02.2021;;;;;11.02.2022;;;11.02.2022;11.02.2027;;;;
;9873;01.11.2021;Scottish Southern Energy Renewables ;Berwick Bank Offshore Wind Farm ;Wind Offshore;;;4100,00;;No;;;;;13,30;307;200,00;;Planning Application Submitted;Application Submitted;;;Berwick Bank Offshore Wind Farm, E/O St Abbs Head, Coastline, Eyemouth;Offshore;Offshore;Scotland;TD14;432997;728012;Marine Scotland;NA;;;;;;09.12.2022;;;;;;;;;;;;;;;
;5863;22.08.2019;Cierco;Forthwind;Wind Offshore;;;;;;AR3;;;12,00;;1;280,00;;Revised;Revised;14484;;Forth of Firth;Offshore;Offshore;Scotland;;338141;696278;Marine Scotland;;;;;;;06.07.2015;;;;;;;21.12.2016;;;;;;;;
;7698;09.01.2024;RWE Renewables UK Limited;Rampion Wind Farm (Extension), (Rampion 2);Wind Offshore;;;;;;;;;;;90;325,00;;Planning Application Submitted;Application Submitted;;;Rampion Wind Farm, East Quay, Newhaven;Offshore;Offshore;England;BN9;528790;83836;The Planning Inspectorate - National Infrastructure;EN010117;;;;;;10.08.2023;;;;;;;;;;;;;;;